{
  "format_version": "1.16.0",
  "minecraft:power": {
    "description": {
      "identifier": "yondu:yondu",
      "basic": {
        "category": "ability",
        "icon": "yondu:textures/gui/yondu_fin_1.png",
        "name": "Yondu",
        "description": "Whistle to command Yaka Arrows. Toggle fin visuals and receive combat buffs."
      }
    },
    "components": {
      "yondu:toggle_whistle": {
        "component_type": "toggle",
        "id": "yondu:whistle",
        "icon": "yondu:textures/gui/yondu_fin_1.png",
        "cooldown_seconds": 0,
        "on_enable": [
          {
            "run_command": "tellraw @s {\"rawtext\":[{\"text\":\"Whistle enabled.\"}]}"
          }
        ],
        "on_disable": [
          {
            "run_command": "tellraw @s {\"rawtext\":[{\"text\":\"Whistle disabled. Recalling arrows.\"}]}"
          },
          {
            "run_command": "function yondu:recall_arrows"
          }
        ]
      },
      "yondu:fin_visuals": {
        "component_type": "visual_toggle",
        "id": "yondu:fin_toggle",
        "textures": [
          "yondu:textures/gui/yondu_fin_1.png",
          "yondu:textures/gui/yondu_fin_2.png",
          "yondu:textures/gui/yondu_fin_3.png",
          "yondu:textures/gui/yondu_fin_4.png"
        ],
        "frame_time_ticks": 6,
        "enabled_by": "yondu:whistle"
      },
      "yondu:passive_buffs": {
        "component_type": "continuous_effects",
        "enabled_by": "yondu:whistle",
        "effects": [
          {
            "effect": "minecraft:strength",
            "amplifier": 0,
            "duration_ticks": 20,
            "show_particles": false
          },
          {
            "effect": "minecraft:speed",
            "amplifier": 0,
            "duration_ticks": 20,
            "show_particles": false
          },
          {
            "effect": "minecraft:resistance",
            "amplifier": 0,
            "duration_ticks": 20,
            "show_particles": false
          },
          {
            "effect": "minecraft:jump_boost",
            "amplifier": 0,
            "duration_ticks": 20,
            "show_particles": false
          }
        ]
      },
      "yondu:arrow_launcher": {
        "component_type": "projectile_ability",
        "id": "yondu:yaka_arrow",
        "enabled_by": "yondu:whistle",
        "icon": "yondu:textures/gui/yondu_fin_2.png",
        "projectile": {
          "entity": "minecraft:arrow",
          "speed": 3.0,
          "damage": 7,
          "knockback": 0.9,
          "lifetime_seconds": 45,
          "pierce": 0.35,
          "on_spawn": [
            {
              "action": "find_nearest_mob",
              "range": 40,
              "prefer_hostile": true,
              "lock_target": true,
              "persist_until_dead": true
            },
            {
              "action": "apply_homing",
              "strength": 0.98
            }
          ],
          "on_hit": [
            {
              "action": "apply_status",
              "status": "minecraft:slowness",
              "amplifier": 0,
              "duration_seconds": 2
            }
          ],
          "behavior": {
            "spamable": true,
            "cooldown_seconds": 0.4,
            "max_active_projectiles": 5,
            "return_on_command": true,
            "recall_on_disable": true
          }
        }
      },
      "yondu:arrow_command": {
        "component_type": "instant_command",
        "id": "yondu:whistle_command",
        "enabled_by": "yondu:whistle",
        "icon": "yondu:textures/gui/yondu_fin_3.png",
        "command_range": 40,
        "cooldown_seconds": 0,
        "on_use": [
          {
            "action": "toggle_projectile_state",
            "projectile_id": "yondu:yaka_arrow",
            "modes": [
              "recall",
              "stop",
              "redirect_to_crosshair"
            ]
          }
        ]
      },
      "yondu:sonic_pull": {
        "component_type": "area_ability",
        "id": "yondu:sonic_pull",
        "enabled_by": "yondu:whistle",
        "icon": "yondu:textures/gui/yondu_fin_4.png",
        "range": 14,
        "pull_strength": 1.1,
        "duration_seconds": 1.4,
        "cooldown_seconds": 8,
        "effects_on_targets": [
          {
            "action": "apply_velocity_toward",
            "target": "player",
            "strength_multiplier": 1.1
          }
        ]
      },
      "yondu:resonant_stun": {
        "component_type": "area_ability",
        "id": "yondu:sonic_stun",
        "enabled_by": "yondu:whistle",
        "icon": "minecraft:textures/item/clock.png",
        "radius": 3.5,
        "duration_seconds": 2.5,
        "cooldown_seconds": 12,
        "effects_on_targets": [
          {
            "action": "apply_status",
            "status": "minecraft:slowness",
            "amplifier": 1,
            "duration_seconds": 2
          }
        ]
      },
      "yondu:echo_wave": {
        "component_type": "area_ability",
        "id": "yondu:sonic_wave",
        "enabled_by": "yondu:whistle",
        "icon": "minecraft:textures/item/fire_charge.png",
        "radius": 4.5,
        "damage": 5,
        "knockback": 1.2,
        "cooldown_seconds": 18
      },
      "yondu:sonic_burst": {
        "component_type": "projectile_ability",
        "id": "yondu:sonic_burst",
        "enabled_by": "yondu:whistle",
        "icon": "minecraft:textures/item/ender_pearl.png",
        "projectile": {
          "entity": "minecraft:small_fireball",
          "speed": 2.0,
          "damage": 5,
          "knockback": 0.6,
          "cooldown_seconds": 4
        }
      },
      "yondu:arrow_active_bursts": {
        "component_type": "conditional_effects",
        "trigger": "projectile_active",
        "projectile_id": "yondu:yaka_arrow",
        "effects": [
          {
            "effect": "minecraft:strength",
            "amplifier": 1,
            "duration_ticks": 120,
            "show_particles": true
          },
          {
            "effect": "minecraft:resistance",
            "amplifier": 1,
            "duration_ticks": 120,
            "show_particles": true
          },
          {
            "effect": "minecraft:regeneration",
            "amplifier": 0,
            "duration_ticks": 80,
            "show_particles": false
          }
        ]
      }
    }
  }
}